day,version,downloads
2026-06-11,0.1.0,2
2026-06-10,0.1.0,3
2026-06-09,0.1.0,1
2026-06-08,0.1.0,3
2026-06-07,0.1.0,10
2026-06-06,0.1.0,20
2026-06-05,0.1.0,10
2026-06-04,0.1.0,4
2026-06-03,0.1.0,6
2026-06-02,0.1.0,2
2026-06-01,0.1.0,1
2026-05-31,0.1.0,3
2026-05-30,0.1.0,3
2026-05-29,0.1.0,2
2026-05-28,0.1.0,2
2026-05-26,0.1.0,3
2026-05-25,0.1.0,2
2026-05-24,0.1.0,1
2026-05-22,0.1.0,3
2026-05-20,0.1.0,4
2026-05-18,0.1.0,2
2026-05-16,0.1.0,2
2026-05-15,0.1.0,4
2026-05-14,0.1.0,1
2026-05-13,0.1.0,4
2026-05-11,0.1.0,2
2026-05-10,0.1.0,1
2026-05-09,0.1.0,3
2026-05-06,0.1.0,8
2026-05-05,0.1.0,4
2026-05-04,0.1.0,3
2026-05-02,0.1.0,1
2026-05-01,0.1.0,1
2026-04-29,0.1.0,2
2026-04-28,0.1.0,3
2026-04-27,0.1.0,2
2026-04-26,0.1.0,4
2026-04-24,0.1.0,2
2026-04-23,0.1.0,2
2026-04-22,0.1.0,3
2026-04-21,0.1.0,12
2026-04-20,0.1.0,8
2026-04-19,0.1.0,5
2026-04-18,0.1.0,2
2026-04-17,0.1.0,3
2026-04-15,0.1.0,3
2026-04-14,0.1.0,2
2026-04-11,0.1.0,2
2026-04-08,0.1.0,3
2026-04-07,0.1.0,5
2026-04-06,0.1.0,2
2026-04-01,0.1.0,3
2026-03-31,0.1.0,2
2026-03-29,0.1.0,2
2026-03-27,0.1.0,2
2026-03-25,0.1.0,4
2026-03-24,0.1.0,2
2026-03-23,0.1.0,2
2026-03-22,0.1.0,2
2026-03-20,0.1.0,1
2026-03-19,0.1.0,4
2026-03-16,0.1.0,4
2026-03-15,0.1.0,3
2026-03-14,0.1.0,1
2026-03-13,0.1.0,1
2026-03-12,0.1.0,4
2026-03-10,0.1.0,3
2026-03-09,0.1.0,1
2026-03-08,0.1.0,2
2026-03-05,0.1.0,1
2026-03-03,0.1.0,3
2026-03-02,0.1.0,1
2026-02-28,0.1.0,4
2026-02-26,0.1.0,2
2026-02-25,0.1.0,3
2026-02-24,0.1.0,1
2026-02-19,0.1.0,2
2026-02-18,0.1.0,2
2026-02-16,0.1.0,1
2026-02-15,0.1.0,2
2026-02-14,0.1.0,5
2026-02-13,0.1.0,6
2026-02-12,0.1.0,11
2026-02-11,0.1.0,7
2026-02-09,0.1.0,1
2026-02-08,0.1.0,5
2026-02-07,0.1.0,4
2026-02-05,0.1.0,2
2026-02-03,0.1.0,1
2026-02-01,0.1.0,1
2026-01-31,0.1.0,6
2026-01-30,0.1.0,1
2026-01-25,0.1.0,2
2026-01-24,0.1.0,2
2026-01-23,0.1.0,1
2026-01-21,0.1.0,2
2026-01-19,0.1.0,4
2026-01-18,0.1.0,2
2026-01-15,0.1.0,6
2026-01-10,0.1.0,4
2026-01-09,0.1.0,2
2026-01-08,0.1.0,2
2026-01-07,0.1.0,2
2026-01-06,0.1.0,2
2026-01-05,0.1.0,2
2026-01-02,0.1.0,2
2025-12-31,0.1.0,2
2025-12-30,0.1.0,2
2025-12-25,0.1.0,4
2025-12-24,0.1.0,1
2025-12-23,0.1.0,2
2025-12-20,0.1.0,3
2025-12-19,0.1.0,6
2025-12-18,0.1.0,2
2025-12-17,0.1.0,5
2025-12-16,0.1.0,6
2025-12-14,0.1.0,1
2025-12-13,0.1.0,2
2025-12-12,0.1.0,3
2025-12-11,0.1.0,3
2025-12-10,0.1.0,1
2025-12-08,0.1.0,2
2025-12-07,0.1.0,2
2025-12-06,0.1.0,2
2025-12-05,0.1.0,3
2025-12-03,0.1.0,5
2025-12-01,0.1.0,5
2025-11-30,0.1.0,2
2025-11-28,0.1.0,3
2025-11-25,0.1.0,8
2025-11-22,0.1.0,1
2025-11-19,0.1.0,4
2025-11-18,0.1.0,1
2025-11-17,0.1.0,2
2025-11-16,0.1.0,1
2025-11-15,0.1.0,2
2025-11-13,0.1.0,4
2025-11-12,0.1.0,4
2025-11-11,0.1.0,2
2025-11-06,0.1.0,2
2025-11-05,0.1.0,3
2025-11-04,0.1.0,2
2025-11-03,0.1.0,8
2025-11-01,0.1.0,2
2025-10-31,0.1.0,2
2025-10-30,0.1.0,3
2025-10-29,0.1.0,2
2025-10-28,0.1.0,2
2025-10-22,0.1.0,2
2025-10-21,0.1.0,6
2025-10-18,0.1.0,3
2025-10-16,0.1.0,1
2025-10-15,0.1.0,2
2025-10-14,0.1.0,1
2025-10-13,0.1.0,2
2025-10-11,0.1.0,1
2025-10-08,0.1.0,3
2025-10-04,0.1.0,2
2025-10-01,0.1.0,5
2025-09-29,0.1.0,1
2025-09-26,0.1.0,4
2025-09-24,0.1.0,3
2025-09-23,0.1.0,2
2025-09-22,0.1.0,2
2025-09-21,0.1.0,12
2025-09-19,0.1.0,2
2025-09-17,0.1.0,2
2025-09-16,0.1.0,3
2025-09-15,0.1.0,3
2025-09-11,0.1.0,4
2025-09-10,0.1.0,2
2025-09-09,0.1.0,7
2025-09-08,0.1.0,1
2025-09-06,0.1.0,1
2025-09-05,0.1.0,3
2025-09-03,0.1.0,4
2025-09-02,0.1.0,5
2025-08-31,0.1.0,5
2025-08-29,0.1.0,1
2025-08-28,0.1.0,3
2025-08-27,0.1.0,1
2025-08-25,0.1.0,1
2025-08-24,0.1.0,2
2025-08-21,0.1.0,1
2025-08-18,0.1.0,1
2025-08-17,0.1.0,2
2025-08-16,0.1.0,2
2025-08-15,0.1.0,2
2025-08-13,0.1.0,3
2025-08-12,0.1.0,7
2025-08-11,0.1.0,2
2025-08-10,0.1.0,2
2025-08-09,0.1.0,2
2025-08-07,0.1.0,2
2025-08-04,0.1.0,4
2025-08-01,0.1.0,2
2025-07-31,0.1.0,1
2025-07-30,0.1.0,2
2025-07-26,0.1.0,2
2025-07-25,0.1.0,8
2025-07-18,0.1.0,4
2025-07-16,0.1.0,4
2025-07-15,0.1.0,4
2025-07-13,0.1.0,4
2025-07-12,0.1.0,4
2025-07-11,0.1.0,1
2025-07-10,0.1.0,2
2025-07-06,0.1.0,2
2025-07-05,0.1.0,2
2025-07-04,0.1.0,4
2025-07-03,0.1.0,1
2025-07-02,0.1.0,2
2025-06-28,0.1.0,4
2025-06-23,0.1.0,2
2025-06-20,0.1.0,1
2025-06-19,0.1.0,2
2025-06-18,0.1.0,2
2025-06-17,0.1.0,1
2025-06-16,0.1.0,2
2025-06-12,0.1.0,2
2025-06-11,0.1.0,7
2025-06-09,0.1.0,2
2025-06-06,0.1.0,6
2025-06-05,0.1.0,2
2025-06-03,0.1.0,1
2025-06-01,0.1.0,2
2025-05-31,0.1.0,1
2025-05-30,0.1.0,1
2025-05-29,0.1.0,3
2025-05-27,0.1.0,3
2025-05-26,0.1.0,1
2025-05-25,0.1.0,1
2025-05-24,0.1.0,2
2025-05-22,0.1.0,2
2025-05-19,0.1.0,2
2025-05-17,0.1.0,6
2025-05-15,0.1.0,2
2025-05-14,0.1.0,1
2025-05-11,0.1.0,1
2025-05-10,0.1.0,2
2025-05-09,0.1.0,2
2025-05-08,0.1.0,1
2025-05-07,0.1.0,2
2025-05-06,0.1.0,6
2025-05-04,0.1.0,4
2025-05-03,0.1.0,1
2025-05-02,0.1.0,2
2025-04-29,0.1.0,1
2025-04-28,0.1.0,2
2025-04-27,0.1.0,2
2025-04-26,0.1.0,5
2025-04-25,0.1.0,2
2025-04-24,0.1.0,2
2025-04-23,0.1.0,4
2025-04-22,0.1.0,2
2025-04-21,0.1.0,2
2025-04-20,0.1.0,1
2025-04-19,0.1.0,5
2025-04-18,0.1.0,6
2025-04-17,0.1.0,4
2025-04-16,0.1.0,4
2025-04-15,0.1.0,3
2025-04-14,0.1.0,2
2025-04-13,0.1.0,4
2025-04-12,0.1.0,4
2025-04-11,0.1.0,6
2025-04-10,0.1.0,1
2025-04-09,0.1.0,4
2025-04-08,0.1.0,4
2025-04-07,0.1.0,4
2025-04-06,0.1.0,4
2025-04-05,0.1.0,7
2025-04-04,0.1.0,5
2025-04-03,0.1.0,2
2025-04-02,0.1.0,2
2025-04-01,0.1.0,2
2025-03-31,0.1.0,6
2025-03-30,0.1.0,4
2025-03-29,0.1.0,4
2025-03-28,0.1.0,3
2025-03-27,0.1.0,8
2025-03-26,0.1.0,2
2025-03-25,0.1.0,3
2025-03-24,0.1.0,2
2025-03-23,0.1.0,2
2025-03-21,0.1.0,2
2025-03-20,0.1.0,2
2025-03-19,0.1.0,4
2025-03-17,0.1.0,3
2025-03-16,0.1.0,5
2025-03-15,0.1.0,12
2025-03-13,0.1.0,3
2025-03-12,0.1.0,4
2025-03-10,0.1.0,5
2025-03-09,0.1.0,1
2025-03-08,0.1.0,2
2025-03-07,0.1.0,1
2025-03-06,0.1.0,2
2025-03-05,0.1.0,1
2025-03-04,0.1.0,2
2025-03-03,0.1.0,4
2025-03-02,0.1.0,2
2025-03-01,0.1.0,1
2025-02-28,0.1.0,2
2025-02-27,0.1.0,2
2025-02-26,0.1.0,1
2025-02-24,0.1.0,1
2025-02-23,0.1.0,2
2025-02-22,0.1.0,2
2025-02-20,0.1.0,3
2025-02-19,0.1.0,2
2025-02-18,0.1.0,1
2025-02-17,0.1.0,5
2025-02-15,0.1.0,4
2025-02-14,0.1.0,4
2025-02-13,0.1.0,3
2025-02-12,0.1.0,1
2025-02-11,0.1.0,2
2025-02-10,0.1.0,2
2025-02-09,0.1.0,4
2025-02-08,0.1.0,6
2025-02-07,0.1.0,3
2025-02-04,0.1.0,2
2025-02-03,0.1.0,8
2025-02-02,0.1.0,2
2025-01-31,0.1.0,1
2025-01-30,0.1.0,5
2025-01-29,0.1.0,2
2025-01-28,0.1.0,1
2025-01-26,0.1.0,2
2025-01-25,0.1.0,4
2025-01-24,0.1.0,2
2025-01-20,0.1.0,1
2025-01-19,0.1.0,2
2025-01-18,0.1.0,4
2025-01-15,0.1.0,6
2025-01-14,0.1.0,5
2025-01-13,0.1.0,2
2025-01-12,0.1.0,10
2025-01-11,0.1.0,6
2025-01-10,0.1.0,8
2025-01-09,0.1.0,6
2025-01-08,0.1.0,3
2025-01-07,0.1.0,5
2025-01-06,0.1.0,7
2025-01-05,0.1.0,5
2025-01-04,0.1.0,3
2025-01-01,0.1.0,2
2024-12-31,0.1.0,2
2024-12-30,0.1.0,2
2024-12-29,0.1.0,2
2024-12-28,0.1.0,5
2024-12-27,0.1.0,8
2024-12-25,0.1.0,1
2024-12-24,0.1.0,2
2024-12-22,0.1.0,1
2024-12-21,0.1.0,6
2024-12-20,0.1.0,6
2024-12-19,0.1.0,4
2024-12-18,0.1.0,6
2024-12-17,0.1.0,1
2024-12-15,0.1.0,2
2024-12-14,0.1.0,2
2024-12-13,0.1.0,4
2024-12-12,0.1.0,2
2024-12-10,0.1.0,3
2024-12-05,0.1.0,2
2024-12-04,0.1.0,1
2024-12-03,0.1.0,2
2024-12-02,0.1.0,3
2024-11-29,0.1.0,4
2024-11-27,0.1.0,2
2024-11-25,0.1.0,3
2024-11-24,0.1.0,6
2024-11-23,0.1.0,2
2024-11-22,0.1.0,3
2024-11-21,0.1.0,1
2024-11-20,0.1.0,4
2024-11-19,0.1.0,6
2024-11-18,0.1.0,1
2024-11-17,0.1.0,2
2024-11-16,0.1.0,4
2024-11-15,0.1.0,2
2024-11-14,0.1.0,6
2024-11-11,0.1.0,7
2024-11-10,0.1.0,2
2024-11-09,0.1.0,3
2024-11-08,0.1.0,1
2024-11-05,0.1.0,2
2024-11-04,0.1.0,1
2024-11-03,0.1.0,5
2024-11-02,0.1.0,3
2024-11-01,0.1.0,4
2024-10-31,0.1.0,6
2024-10-30,0.1.0,1
2024-10-29,0.1.0,14
2024-10-28,0.1.0,2
2024-10-27,0.1.0,2
2024-10-26,0.1.0,2
2024-10-25,0.1.0,2
2024-10-24,0.1.0,2
2024-10-23,0.1.0,2
2024-10-22,0.1.0,8
2024-10-21,0.1.0,6
2024-10-19,0.1.0,2
2024-10-18,0.1.0,4
2024-10-17,0.1.0,4
2024-10-15,0.1.0,2
2024-10-14,0.1.0,8
2024-10-13,0.1.0,1
2024-10-12,0.1.0,2
2024-10-11,0.1.0,4
2024-10-10,0.1.0,8
2024-10-09,0.1.0,2
2024-10-08,0.1.0,6
2024-10-07,0.1.0,10
2024-10-06,0.1.0,3
2024-10-04,0.1.0,3
2024-10-03,0.1.0,3
2024-10-02,0.1.0,1
2024-10-01,0.1.0,2
2024-09-30,0.1.0,6
2024-09-29,0.1.0,4
2024-09-28,0.1.0,1
2024-09-27,0.1.0,4
2024-09-25,0.1.0,7
2024-09-24,0.1.0,4
2024-09-23,0.1.0,7
2024-09-22,0.1.0,2
2024-09-21,0.1.0,1
2024-09-18,0.1.0,1
2024-09-17,0.1.0,4
2024-09-15,0.1.0,8
2024-09-14,0.1.0,6
2024-09-13,0.1.0,4
2024-09-12,0.1.0,1
2024-09-11,0.1.0,5
2024-09-10,0.1.0,2
2024-09-09,0.1.0,4
2024-09-08,0.1.0,2
2024-09-07,0.1.0,2
2024-09-06,0.1.0,2
2024-09-04,0.1.0,4
2024-09-03,0.1.0,5
2024-09-02,0.1.0,4
2024-09-01,0.1.0,4
2024-08-31,0.1.0,2
2024-08-30,0.1.0,4
2024-08-29,0.1.0,3
2024-08-28,0.1.0,3
2024-08-27,0.1.0,1
2024-08-26,0.1.0,2
2024-08-21,0.1.0,6
2024-08-18,0.1.0,5
2024-08-17,0.1.0,8
2024-08-16,0.1.0,3
2024-08-15,0.1.0,5
2024-08-13,0.1.0,3
2024-08-11,0.1.0,1
2024-08-10,0.1.0,4
2024-08-09,0.1.0,15
2024-08-08,0.1.0,5
2024-08-04,0.1.0,3
2024-08-03,0.1.0,4
2024-08-02,0.1.0,4
2024-08-01,0.1.0,1
2024-07-31,0.1.0,2
2024-07-30,0.1.0,7
2024-07-29,0.1.0,2
2024-07-26,0.1.0,8
2024-07-25,0.1.0,2
2024-07-24,0.1.0,1
2024-07-23,0.1.0,5
2024-07-22,0.1.0,3
2024-07-21,0.1.0,10
2024-07-20,0.1.0,7
2024-07-19,0.1.0,2
2024-07-18,0.1.0,1
2024-07-17,0.1.0,7
2024-07-16,0.1.0,4
2024-07-15,0.1.0,6
2024-07-14,0.1.0,2
2024-07-12,0.1.0,4
2024-07-11,0.1.0,1
2024-07-10,0.1.0,3
2024-07-09,0.1.0,5
2024-07-08,0.1.0,3
2024-07-05,0.1.0,2
2024-07-04,0.1.0,4
2024-07-03,0.1.0,1
2024-07-02,0.1.0,9
2024-06-30,0.1.0,4
2024-06-29,0.1.0,2
2024-06-26,0.1.0,3
2024-06-25,0.1.0,6
2024-06-23,0.1.0,6
2024-06-20,0.1.0,2
2024-06-19,0.1.0,2
2024-06-18,0.1.0,4
2024-06-17,0.1.0,8
2024-06-16,0.1.0,1
2024-06-14,0.1.0,6
2024-06-13,0.1.0,9
2024-06-12,0.1.0,10
2024-06-11,0.1.0,6
2024-06-10,0.1.0,2
2024-06-09,0.1.0,4
2024-06-08,0.1.0,8
2024-06-07,0.1.0,1
2024-06-06,0.1.0,4
2024-06-05,0.1.0,5
2024-06-04,0.1.0,7
2024-06-03,0.1.0,6
2024-06-02,0.1.0,3
2024-06-01,0.1.0,10
2024-05-31,0.1.0,21
2024-05-30,0.1.0,89
2024-05-29,0.1.0,160
